Node,Harmonic Centrality
webslinger,0.0
davidtennant,0.0
paleodiet,0.0
vrsweden,0.0
cavesofqud,0.0
ffcirclejerking,0.0
mentalmath,0.0
circlecuck,0.0
starcitizen_creative,0.0
fia,0.0
android_apps,0.0
shitmmforealsays,0.0
overwatchlore,0.0
civexcubism,0.0
littlecaprice,0.0
mcpefamily,0.0
dirtysionmains,0.0
wheelbuild,0.0
mastajdog,0.0
pmnetplay,0.0
apoyoparticipacion,0.0
fuckcancer,0.0
dogdays,0.0
indianafishing,0.0
secrecy,0.0
osmc,0.0
pitcairnisland,0.0
maintenance,0.0
ardidos,0.0
djwheat,0.0
sailormoondrops,0.0
wrpowers,0.0
ifoundsara,0.0
ghettoequivalence,0.0
longhandwriter,0.0
aurmarket,0.0
wegottrouble,0.0
paruresis,0.0
bowenisland,0.0
ethicalhacking,0.0
ruff,0.0
babymetaltheone,0.0
actuallifehacks,0.0
shavecrafters,0.0
bookscirclejerk,0.0
mmodesign,0.0
debatetheflatearth,0.0
churchofgeekery,0.0
civcraftama,0.0
destinytheories,0.0
humanitarianideas,0.0
modellibertyreport,0.0
steameum,0.0
enhancedfucktoys,0.0
diyguitaramps,0.0
jojosbizarrefanworks,0.0
tloucensored,0.0
fatpeoplehate66,0.0
esobay,0.0
famnnfp,0.0
pedobaittime,0.0
roaches,0.0
mumkeysanimereviews,0.0
stringcheeseincident,0.0
amazonprime,0.0
bebopband,0.0
virtualdesktop,0.0
level1techs,0.0
zjm,0.0
ytpl,0.0
kidicarus,0.0
porpoiseawareness,0.0
mistressnova,0.0
erasmus,0.0
diamondclub,0.0
beginprog,0.0
summit,0.0
xueimel,0.0
crackstatusbeta,0.0
bestofcfb,0.0
lazy,0.0
infjplay,0.0
thedebatethread,0.0
pstea,0.0
eyb0ss,0.0
mlptcg,0.0
thinkingsideways,0.0
cheesepasta,0.0
reddittriforce,0.0
writingcontests,0.0
storytwist,0.0
dokkanbattle,0.0
gentle_femdom,0.0
swedents,0.0
greyhound,0.0
minhittowinit,0.0
ep_scandinavia,0.0
h3vr,0.0
asaperson,0.0
crayshtestarea,0.0
