Node,Clustering Coefficient
personajerk,0.0
animalintelligence,0.0
cerily,0.0
lgbtnyc,0.0
tmobilecirclejerk,0.0
madnessprompt,0.0
topredditposts,0.0
rhermitcraft_uhc,0.0
notes,0.0
lanfest,0.0
diode,0.0
before_after_cumsluts,0.0
neilgaiman,0.0
themountaingoats,0.0
nfja,0.0
polishedpals,0.0
scots,0.0
figtreechristian,0.0
flowers,0.0
antiqueappraisal,0.0
duckduckgo,0.0
hamitforward,0.0
gibraltar,0.0
san_marino,0.0
hpmor_tas,0.0
loldominion,0.0
madoka,0.0
rawjs,0.0
modelfifa,0.0
tis100,0.0
ladystoneheart,0.0
azula,0.0
autographassistance,0.0
buildingautomation,0.0
thedynastyproject,0.0
flywheelcar,0.0
hillsboro,0.0
pokeflags,0.0
diplomacy,0.0
joebidenbot,0.0
elementalhominid,0.0
organizedsecrets,0.0
cigarreview,0.0
askman,0.0
arkansasamiibo,0.0
boardgameindustry,0.0
destinysweatylfg,0.0
cyle,0.0
daniell61,0.0
romanialibera,0.0
anno,0.0
austinurbex,0.0
aetherforged,0.0
wfto,0.0
falloutsheltermobile,0.0
fahrrad,0.0
thebuttonwhiteknights,0.0
azamiibo,0.0
therandomizer,0.0
civdiscord,0.0
dcl,0.0
dnstats,0.0
rehab,0.0
fallout4ideas,0.0
jontroneatschexmix,0.0
tagproreposting,0.0
ypcareeradvice,0.0
civ5league,0.0
pencer,0.0
bassfishing,0.0
haesisbullshit,0.0
mechsauce,0.0
ps4themetesting,0.0
mfw,0.0
swissnews,0.0
berlinbicycling,0.0
talesfromautorepair,0.0
techdiy,0.0
runbypost,0.0
joecormier,0.0
koji_kendo,0.0
hashclt,0.0
keratoconus,0.0
numbering,0.0
bistitchual,0.0
webfiction,0.0
laxaria,0.0
beddit,0.0
largeimages,0.0
mcdestiny,0.0
shadowsphere,0.0
redditloop,0.0
telltale,0.0
sluttystrangers,0.0
sandiegoclassifieds,0.0
webdings,0.0
502gamers,0.0
heycarl,0.0
misfitstv,0.0
ouija_irl,0.0
